set search_path to steam;

INSERT INTO user_account(username, date_created)
VALUES ('cloudStrife7', '2019-07-14'),
       ('c0l0rs', '2020-11-03'),
       ('Donko', '2021-06-22'),
       ('LexxLittle', '2018-04-30');

INSERT INTO friends(username, friends_with, friends_since)
VALUES ('Frostbyte_', 3, '2022-06-03'),
       ('novaa', 1, '2019-11-15'),
       ('Russianbro', 3, '2022-04-02'),
       ('JaySu', 4, '2018-12-10'),
       ('goldd', 2, '2023-06-14'),
       ('dubzyR6S', 4, '2022-11-03'),
       ('klein7', 3, '2024-03-15');

INSERT INTO games(name, genre_id)
VALUES ('Cyberpunk 2077', 1),            -- Story-Rich
       ('DOOM Eternal', 2),              -- FPS
       ('Call Of Duty: Black Ops 2', 2), -- FPS
       ('Resident Evil 4', 4),           -- Horror
       ('Final Fantasy 7 Rebirth', 3),   -- JRPG
       ('Red Dead Redemption 2', 1),     -- Story-Rich
       ('Tekken 8', 5),                  -- Fighting game
       ('Mortal Kombat 1', 5),           -- Fighting game
       ('Chrono Trigger', 3),            -- JRPG
       ('The Last Of Us Part 1', 1),     -- Story-Rich
       ('Dead Space', 4),                -- Horror
       ('Silent Hill 2', 4); -- Horror

INSERT INTO genres(genre)
VALUES ('Story-Rich'),
       ('First-Person Shooter'),
       ('JRPG'),
       ('Horror'),
       ('Fighting Game');

INSERT INTO library (uid, name, games)
VALUES (1, 'cloudStrife7 Library', '1,2,3'),
       (2, 'c0l0rs Library', '4,5,6'),
       (3, 'Donko Library', '7,8,9'),
       (4, 'LexxLittle Library', '10,11,12,13');
-- I'm sorry if I'm doing this (lid) to an integer generated by default, but I just wanted it to make sense (System-wise)

INSERT INTO store(gid, developer, publisher, price)
VALUES (1,'CD Projekt Red', 'CD Projekt', 59.99),
       (2,  'id Software', 'Bethesda', 39.99),
       (3,'Treyarch', 'Activision', 49.99),
       (4,'Capcom', 'Capcom', 29.99),
       (5, 'Square Enix', 'Square Enix', 69.99),
       (6,'Rockstar Games', 'Rockstar Games', 59.99),
       (7, 'Bandai Namco', 'Bandai Namco', 59.99),
       (8,'NetherRealm Studios', 'Warner Bros', 49.99),
       (9,'Square Enix', 'Square Enix', 19.99),
       (10,'Naughty Dog', 'Sony', 59.99),
       (11, 'EA Redwood Shores', 'Electronic Arts', 39.99),
       (12,'Konami', 'Konami', 29.99);

INSERT INTO profile(uid, recent_activity)
VALUES (1, 'Mortal Kombat 1'),
       (2, 'Resident Evil 4'),
       (3, 'DOOM Eternal'),
       (4, 'Tekken 8');

INSERT INTO login_info(uid, login_name, password, last_entered)
VALUES (1, 'alexKossa', 'Gola41!', '2025-06-28'),
       (2, 'kordrole', 'haloisthebest', '2025-07-01'),
       (3, 'JohnMarton', 'Arthur201', '2025-07-04'),
       (4, 'LeonidVaporo', 'S@bway3!', '2025-06-30');

INSERT INTO gift (uid, gid, fid)
VALUES (1, 5, 7),
       (3, 8, 4);

INSERT INTO wallet(uid, balance, card_information)
VALUES (1, 0.00, '4539 1488 0343 6467'),
       (2, 25.87, '3782 822463 10005'),
       (3, 0.89, '6011 1111 1111 1117'),
       (4, 100.00, '5555 5555 5555 4444');

INSERT INTO game_status (uid, gid, mode_played, game_party)
VALUES (1, 1, 'Chapter 13 : Midgar Flashback', 'Cloud, Tifa, Barret'),
       (2, 4, 'Singleplayer', NULL),
       (3, 7, 'Ranked', 'Donko, JaySu'),
       (4, 10, 'Campaign', NULL),
       (2, 6, 'Online', 'c0l0rs, dubzyR6S');

INSERT INTO orders (uid, price, order_date)
VALUES
    (1, 59.99, '2025-06-30'),
    (2, 39.99, '2025-07-03'),
    (3, 49.99, '2025-07-08'),
    (4, 29.99, '2025-07-11');
